<?xml version="1.0" encoding="UTF-8"?>
<!--
  ~ Copyright (c) 2016, WSO2 Inc. (http://www.wso2.org) All Rights Reserved.
  ~
  ~  WSO2 Inc. licenses this file to you under the Apache License,
  ~  Version 2.0 (the "License"); you may not use this file except
  ~  in compliance with the License.
  ~  You may obtain a copy of the License at
  ~
  ~  http://www.apache.org/licenses/LICENSE-2.0
  ~
  ~  Unless required by applicable law or agreed to in writing,
  ~  software distributed under the License is distributed on an
  ~  "AS IS" BASIS, WITHOUT WARRANTIES OR CONDITIONS OF ANY
  ~  KIND, either express or implied. See the License for the
  ~  specific language governing permissions and limitations
  ~  under the License.
  -->

<serviceGroup>


    <service name="SAMLQueryService" scope="transportsession">
        <transports>
            <transport>https</transport>
        </transports>
        <messageReceivers>
            <messageReceiver mep="http://www.w3.org/2006/01/wsdl/in-out"
                             class="org.wso2.carbon.identity.query.saml.SAMLQueryMessageReceiver"/>
        </messageReceivers>

        <schema schemaNamespace="http://org.apache.axis2/xsd" elementFormDefaultQualified="true"/>
        <description>
            To query Assertions from Identity Server
        </description>

        <operation name="querySAML" mep="http://www.w3.org/2006/01/wsdl/in-out">
            <actionMapping>http://wso2.org/identity/saml/query</actionMapping>
        </operation>
    </service>


    <parameter name="hiddenService" locked="true">false</parameter>

</serviceGroup>