<?xml version="1.0" encoding="UTF-8"?>
<saml2p:AttributeQuery xmlns:saml2p="urn:oasis:names:tc:SAML:2.0:protocol" xmlns:saml2="urn:oasis:names:tc:SAML:2.0:assertion" ID="_6c3a4f8b9c2d" Version="2.0" IssueInstant="2016-05-27T08:41:00Z">
   <saml2:Issuer Format="urn:oasis:names:tc:SAML:2.0:nameid-format:entity">localhost</saml2:Issuer>
   <ds:Signature xmlns:ds="http://www.w3.org/2000/09/xmldsig#">
      <ds:SignedInfo>..</ds:SignedInfo>
      <ds:SignatureValue>..</ds:SignatureValue>
      <ds:KeyInfo>
         <ds:X509Data>
            <ds:X509Certificate>..</ds:X509Certificate>
         </ds:X509Data>
      </ds:KeyInfo>
   </ds:Signature>
   <saml2:Subject>
      <saml2:NameID>admin</saml2:NameID>
      <saml2:SubjectConfirmation>
         <saml2:SubjectConfirmationData NotOnOrAfter="2016-05-28T15:34:56.374Z" />
      </saml2:SubjectConfirmation>
   </saml2:Subject>
</saml2p:AttributeQuery>