<soapenv:Envelope xmlns:soapenv="http://schemas.xmlsoap.org/soap/envelope/">
   <soapenv:Header/>
   <soapenv:Body>
<saml2p:AttributeQuery xmlns:saml2p="urn:oasis:names:tc:SAML:2.0:protocol"  xmlns:saml2="urn:oasis:names:tc:SAML:2.0:assertion" 
ID="_6c3a4f8b9c2d" Version="2.0" IssueInstant="2004-03-27T08:41:00Z" >
<saml2:Issuer Format="urn:oasis:names:tc:SAML:2.0:nameid-format:entity">travelocity.com</saml2:Issuer>
        <ds:Signature xmlns:ds="http://www.w3.org/2000/09/xmldsig#">
            <ds:SignedInfo>
                <ds:CanonicalizationMethod Algorithm="http://www.w3.org/2001/10/xml-exc-c14n#"/>
                <ds:SignatureMethod Algorithm="http://www.w3.org/2000/09/xmldsig#rsa-sha1"/>
                <ds:Reference URI="#aieajjeplkflhhmccdfapcpdikgeoenoahlkdkje">
                    <ds:Transforms>
                        <ds:Transform Algorithm="http://www.w3.org/2000/09/xmldsig#enveloped-signature"/>
                        <ds:Transform Algorithm="http://www.w3.org/2001/10/xml-exc-c14n#"/>
                    </ds:Transforms>
                    <ds:DigestMethod Algorithm="http://www.w3.org/2000/09/xmldsig#sha1"/>
                    <ds:DigestValue>Zx80qm2RoVuscJsiEaCzNnWLaJM=</ds:DigestValue>
                </ds:Reference>
            </ds:SignedInfo>
            <ds:SignatureValue>..</ds:SignatureValue>
            <ds:KeyInfo>
                <ds:X509Data>
                    <ds:X509Certificate>..</ds:X509Certificate>
                </ds:X509Data>
            </ds:KeyInfo>
        </ds:Signature>
        <saml2:Subject>
            <saml2:NameID Format="urn:oasis:names:tc:SAML:1.1:nameid-format:emailAddress">admin</saml2:NameID>
            <saml2:SubjectConfirmation Method="urn:oasis:names:tc:SAML:2.0:cm:bearer">
                <saml2:SubjectConfirmationData NotOnOrAfter="2016-05-23T15:34:56.374Z"/>
            </saml2:SubjectConfirmation>
        </saml2:Subject>
        <saml2:Attribute FriendlyName="http://wso2.org/claims/emailaddress"/>
		<saml2:Attribute FriendlyName="http://wso2.org/claims/username"/>
 </saml2p:AttributeQuery>
    </soapenv:Body>
</soapenv:Envelope>